Rank,Title,Production Budget (for the top 21),Release Date,Distributor,Rating,Genre,2011 Gross,Tickets Sold,Inflation Adjusted Gross,Runlength
1,Harry Potter and the Deathly Hallows: Part II,125000000,7/15/11,Warner Bros.,PG-13,Action/Adventure,"$381,011,219 ",48046812,"$379,089,347 ",140 min
2,Transformers: Dark of the Moon,195000000,6/29/11,Paramount Pictures,PG-13,Action/Adventure,"$352,390,543 ",44437647,"$350,613,035 ",154 min
3,"The Twilight Saga: Breaking Dawn, Part 1",127500000,11/18/11,Summit Entertainment,PG-13,Drama,"$276,125,476 ",34820363,"$274,732,664 ",108 min
4,The Hangover Part II,80000000,5/26/11,Warner Bros.,R,Comedy,"$254,464,305 ",32088815,"$253,180,750 ",102 min
5,Pirates of the Caribbean: On Stranger Tides,250000000,5/20/11,Walt Disney Pictures,PG-13,Action/Adventure,"$241,063,875 ",30398975,"$239,847,913 ",137 min
6,Fast Five,125000000,4/29/11,Universal,PG-13,Action/Adventure,"$210,031,325 ",26485665,"$208,971,897 ",130 min
7,Cars 2,200000000,6/24/11,Walt Disney Pictures,G,Action/Adventure,"$191,450,875 ",24142607,"$190,485,169 ",113 min
8,Thor,150000000,5/6/11,Paramount Pictures,PG-13,Action/Adventure,"$181,030,624 ",22828578,"$180,117,480 ",115 min
9,Rise of the Planet of the Apes,93000000,8/5/11,20th Century Fox,PG-13,Action/Adventure,"$176,760,185 ",22290061,"$175,868,581 ",110 min
10,Captain America: The First Avenger,140000000,7/22/11,Paramount Pictures,PG-13,Action/Adventure,"$176,654,505 ",22276735,"$175,763,439 ",125 min
11,The Help,25000000,8/10/11,Walt Disney Pictures,PG-13,Drama,"$169,499,546 ",21374470,"$168,644,568 ",137 min
12,Bridesmaids,32500000,5/13/11,Universal,R,Comedy,"$169,211,718 ",21338174,"$168,358,193 ",125 min
13,Kung Fu Panda 2,150000000,5/26/11,Paramount Pictures,PG,Action/Adventure,"$165,249,063 ",20838469,"$164,415,520 ",91 min
14,X-Men: First Class,160000000,6/3/11,20th Century Fox,PG-13,Action/Adventure,"$146,408,305 ",18462586,"$145,669,804 ",131 min
15,Puss in Boots,130000000,10/28/11,Paramount Pictures,PG,Action/Adventure,"$145,738,327 ",18378099,"$145,003,201 ",90 min
16,Rio,90000000,4/15/11,20th Century Fox,PG,Action/Adventure,"$143,619,809 ",18110947,"$142,895,372 ",96 min
17,The Smurfs,110000000,7/29/11,Sony Pictures,PG,Action/Adventure,"$142,614,158 ",17984131,"$141,894,794 ",86 min
18,Mission: Impossible - Ghost Protocol,145000000,12/16/11,Paramount Pictures,PG-13,Action/Adventure,"$141,186,646 ",17804117,"$140,474,483 ",132 min
19,Sherlock Holmes: A Game of Shadows,125000000,12/16/11,Warner Bros.,PG-13,Action/Adventure,"$136,910,219 ",17264845,"$136,219,627 ",128 min
20,Super 8,50000000,6/10/11,Paramount Pictures,PG-13,Thriller/Suspense,"$127,004,179 ",16015659,"$126,363,550 ",112 min
21,Rango,135000000,3/4/11,Paramount Pictures,PG,Action/Adventure,"$123,477,607 ",15570947,"$122,854,772 ",107 min
22,Horrible Bosses,,7/8/11,Warner Bros.,R,Comedy,"$117,538,559 ",14822012,"$116,945,675 ",100 min
23,Green Lantern,,6/17/11,Warner Bros.,PG-13,Action/Adventure,"$116,601,172 ",14703805,"$116,013,021 ",105 min
24,The King's Speech,,11/26/10,Weinstein Co.,R,Drama,"$115,865,048 ",14610977,"$115,280,609 ",118 min
25,The Lion King,,6/15/94,Walt Disney Pictures,G,Action/Adventure,"$109,946,967 ",13864687,"$109,392,380 ",89 min
26,Hop,,4/1/11,Universal,PG,Comedy,"$108,085,305 ",13629925,"$107,540,108 ",90 min
27,Paranormal Activity 3,,10/21/11,Paramount Pictures,R,Horror,"$104,007,828 ",13115741,"$103,483,196 ",81 min
28,Just Go With It,,2/11/11,Sony Pictures,PG-13,Comedy,"$103,028,109 ",12992195,"$102,508,419 ",110 min
29,Cowboys and Aliens,,7/29/11,Universal,PG-13,Action/Adventure,"$100,368,560 ",12656817,"$99,862,286 ",118 min
30,Bad Teacher,,6/24/11,Sony Pictures,R,Comedy,"$100,292,856 ",12647271,"$99,786,968 ",89 min
31,Gnomeo and Juliet,,2/11/11,Walt Disney Pictures,G,Comedy,"$99,967,670 ",12606264,"$99,463,423 ",84 min
32,The Green Hornet,,1/14/11,Sony Pictures,PG-13,Action/Adventure,"$98,780,042 ",12456500,"$98,281,785 ",108 min
33,Alvin and the Chipmunks: Chipwrecked,,12/16/11,20th Century Fox,G,Comedy,"$97,848,114 ",12338980,"$97,354,552 ",87 min
34,True Grit,,12/22/10,Paramount Pictures,PG-13,Action/Adventure,"$84,572,623 ",10664896,"$84,146,029 ",111 min
35,Real Steel,,10/7/11,Walt Disney Pictures,PG-13,Action/Adventure,"$84,493,241 ",10654885,"$84,067,043 ",127 min
36,"Crazy, Stupid, Love",,7/29/11,Warner Bros.,PG-13,Comedy,"$84,351,197 ",10636973,"$83,925,717 ",107 min
37,The Muppets,,11/23/11,Walt Disney Pictures,PG,Comedy,"$83,561,073 ",10537336,"$83,139,581 ",120 min
38,Battle: Los Angeles,,3/11/11,Sony Pictures,PG-13,Action/Adventure,"$83,552,429 ",10536246,"$83,130,981 ",116 min
39,Immortals,,11/11/11,Relativity,R,Action/Adventure,"$82,699,432 ",10428680,"$82,282,285 ",110 min
40,Zookeeper,,7/8/11,Sony Pictures,PG,Comedy,"$80,360,866 ",10133779,"$79,955,516 ",104 min
41,Limitless,,3/18/11,Relativity,PG,Thriller/Suspense,"$79,249,455 ",9993626,"$78,849,709 ",105 min
42,Tower Heist,,11/4/11,Universal,PG-13,Comedy,"$76,802,225 ",9685022,"$76,414,824 ",104 min
43,Contagion,,9/9/11,Warner Bros.,PG-13,Thriller/Suspense,"$75,658,097 ",9540744,"$75,276,470 ",105 min
44,Moneyball,,9/23/11,Sony Pictures,PG-13,Drama,"$75,016,059 ",9459780,"$74,637,664 ",126 min
45,Justin Bieber: Never Say Never,,2/9/11,Paramount Pictures,G,Other,"$73,013,910 ",9207303,"$72,645,621 ",105 min
46,Dolphin Tale,,9/23/11,Warner Bros.,PG,Drama,"$72,015,969 ",9081459,"$71,652,712 ",112 min
47,Jack and Jill,,11/11/11,Sony Pictures,PG,Comedy,"$71,750,037 ",9047924,"$71,388,120 ",91 min
48,No Strings Attached,,1/21/11,Paramount Pictures,R,Comedy,"$70,662,220 ",8910747,"$70,305,794 ",110 min
49,Mr. Poppers's Penguins,,6/17/11,20th Century Fox,PG,Action/Adventure,"$68,224,452 ",8603336,"$67,880,321 ",95 min
50,Unknown,,2/18/11,Warner Bros.,PG-13,Thriller/Suspense,"$63,686,397 ",8031072,"$63,365,158 ",109 min
51,The Adjustment Bureau,,3/4/11,Universal,PG-13,Thriller/Suspense,"$62,495,645 ",7880914,"$62,180,411 ",99 min
52,Happy Feet Two,,11/18/11,Warner Bros.,PG,Action/Adventure,"$60,965,866 ",7688003,"$60,658,344 ",105 min
53,The Girl with the Dragon Tattoo,,12/21/11,Sony Pictures,R,Thriller/Suspense,"$59,950,953 ",7560019,"$59,648,550 ",160 min
54,Black Swan,,12/3/10,Fox Searchlight,R,Thriller/Suspense,"$59,146,887 ",7458624,"$58,848,543 ",108 min
55,Water for Elephants,,4/22/11,20th Century Fox,PG-13,Drama,"$58,709,717 ",7403495,"$58,413,576 ",120 min
56,The Lincoln Lawyer,,3/18/11,Lionsgate,R,Thriller/Suspense,"$58,009,200 ",7315158,"$57,716,597 ",119 min
57,Midnight in Paris,,5/20/11,Sony Pictures Classics,PG-13,Comedy,"$56,377,732 ",7109424,"$56,093,355 ",88 min
58,Friends with Benefits,,7/22/11,Sony Pictures,R,Comedy,"$55,802,754 ",7036917,"$55,521,275 ",120 min
59,I am Number Four,,2/18/11,Walt Disney Pictures,PG-13,Action/Adventure,"$55,100,437 ",6948353,"$54,822,505 ",104 min
60,Source Code,,4/1/11,Summit Entertainment,PG-13,Thriller/Suspense,"$54,712,227 ",6899398,"$54,436,250 ",94 min
61,Insidious,,4/1/11,FilmDistrict,R,Horror,"$54,009,150 ",6810738,"$53,736,723 ",98 min
62,Madea's Big Happy Family,,4/22/11,Lionsgate,PG-13,Drama,"$53,345,287 ",6727022,"$53,076,204 ",105 min
63,Diary of a Wimpy Kid: Rodrick Rules,,3/25/11,20th Century Fox,PG,Comedy,"$52,698,535 ",6645465,"$52,432,719 ",96 min
64,Footloose,,10/14/11,Paramount Pictures,PG-13,Other,"$51,670,512 ",6515827,"$51,409,875 ",113 min
65,The Adventures of Tintin,,12/21/11,Paramount Pictures,PG,Action/Adventure,"$51,400,450 ",6481772,"$51,141,181 ",101 min
66,Hugo,,11/23/11,Paramount Pictures,Not Rated,Action/Adventure,"$50,313,495 ",6344703,"$50,059,707 ",127 min
67,The Dilemma,,1/14/11,Universal,PG-13,Comedy,"$48,475,290 ",6112899,"$48,230,773 ",118 min
68,New Year's Eve,,12/9/11,Warner Bros.,PG-13,Comedy,"$47,257,823 ",5959372,"$47,019,445 ",117 min
69,The Fighter,,12/10/10,Paramount Pictures,R,Drama,"$47,228,156 ",5955631,"$46,989,929 ",115 min
70,Arthur Christmas,,11/23/11,Sony Pictures,PG,Action/Adventure,"$46,073,163 ",5809983,"$45,840,766 ",97 min
71,Little Fockers,,12/22/10,Universal,PG-13,Comedy,"$45,862,410 ",5783406,"$45,631,073 ",98 min
72,Hall Pass,,2/25/11,Warner Bros.,R,Comedy,"$45,060,734 ",5682312,"$44,833,442 ",98 min
73,We Bought a Zoo,,12/23/11,20th Century Fox,PG,Drama,"$44,490,999 ",5610466,"$44,266,577 ",124 min
74,War Horse,,12/25/11,Walt Disney Pictures,PG-13,Drama,"$44,089,786 ",5559872,"$43,867,390 ",146 min
75,Soul Surfer,,4/8/11,Sony Pictures,PG,Drama,"$43,853,424 ",5530066,"$43,632,221 ",105 min
76,Final Destination 5,,8/12/11,Warner Bros.,R,Horror,"$42,587,643 ",5370447,"$42,372,827 ",95 min
77,The Ides of March,,10/7/11,Sony Pictures,R,Drama,"$40,850,788 ",5151423,"$40,644,727 ",102 min
78,Tron: Legacy,,12/17/10,Walt Disney Pictures,PG,Action/Adventure,"$40,757,919 ",5139712,"$40,552,328 ",127 min
79,The Descendants,,11/16/11,Fox Searchlight,R,Drama,"$40,315,665 ",5083943,"$40,112,310 ",115 min
80,Hanna,,4/8/11,Focus Features,PG-13,Drama,"$40,259,119 ",5076812,"$40,056,047 ",111 min
81,Something Borrowed,,5/6/11,Warner Bros.,PG-13,Comedy,"$39,046,489 ",4923895,"$38,849,532 ",103 min
82,Spy Kids:  All the Time in the World,,8/19/11,Weinstein/Dimension,PG,Action/Adventure,"$38,536,376 ",4859568,"$38,341,992 ",88 min
83,Scream 4,,4/15/11,Weinstein/Dimension,R,Horror,"$38,180,928 ",4814745,"$37,988,338 ",103 min
84,"Big Mommas: Like Father, Like Son",,2/18/11,20th Century Fox,PG-13,Comedy,"$37,915,414 ",4781263,"$37,724,165 ",107 min
85,Red Riding Hood,,3/11/11,Warner Bros.,PG-13,Thriller/Suspense,"$37,662,162 ",4749327,"$37,472,190 ",100 min
86,Paul,,3/18/11,Universal,R,Comedy,"$37,412,945 ",4717900,"$37,224,231 ",100 min
87,The Roommate,,2/4/11,Sony Pictures,PG-13,Thriller/Suspense,"$37,300,107 ",4703670,"$37,111,956 ",93 min
88,Jumping the Broom,,5/6/11,Sony Pictures,PG-13,Comedy,"$37,295,394 ",4703076,"$37,107,270 ",113 min
89,The Change-Up,,8/5/11,Universal,R,Comedy,"$37,243,418 ",4696522,"$37,055,559 ",101 min
90,In Time,,10/28/11,20th Century Fox,PG-13,Thriller/Suspense,"$37,076,415 ",4675462,"$36,889,395 ",109 min
91,30 Minutes or Less,,8/12/11,Sony Pictures,R,Comedy,"$37,053,924 ",4672626,"$36,867,019 ",83 min
92,Colombiana,,8/26/11,Sony Pictures,PG-13,Thriller/Suspense,"$36,665,854 ",4623689,"$36,480,906 ",107 min
93,J. Edgar,,11/9/11,Warner Bros.,R,Drama,"$36,650,831 ",4621795,"$36,465,963 ",137 min
94,Sucker Punch,,3/25/11,Warner Bros.,R,Action/Adventure,"$36,392,502 ",4589218,"$36,208,930 ",120 min
95,Larry Crowne,,7/1/11,Universal,PG-13,Comedy,"$35,608,245 ",4490321,"$35,428,633 ",99 min
96,50/50,,9/30/11,Summit Entertainment,Not Rated,Comedy,"$35,014,192 ",4415409,"$34,837,577 ",99 min
97,A Very Harold & Kumar 3D Christmas,,11/4/11,Warner Bros.,R,Comedy,"$34,928,545 ",4404608,"$34,752,357 ",89 min
98,Drive,,9/16/11,FilmDistrict,R,Action/Adventure,"$34,840,191 ",4393467,"$34,664,455 ",103 min
99,Yogi Bear 3D,,12/17/10,Warner Bros.,PG,Action/Adventure,"$34,490,675 ",4349392,"$34,316,703 ",80 min
100,Courageous,,9/30/11,Sony Pictures,PG-13,Drama,"$34,088,360 ",4298658,"$33,916,412 ",130 min
101,The Rite,,1/28/11,Warner Bros.,PG-13,Horror,"$33,047,633 ",4167419,"$32,880,936 ",112 min
102,Arthur,,4/8/11,Warner Bros.,PG-13,Comedy,"$33,035,397 ",4165876,"$32,868,762 ",110 min
103,Tangled,,11/24/10,Walt Disney Pictures,PG,Action/Adventure,"$32,999,950 ",4161406,"$32,833,493 ",100 min
104,The Debt,,8/31/11,Focus Features,R,Thriller/Suspense,"$31,177,548 ",3931595,"$31,020,285 ",113 min
105,Priest in 3D,,5/13/11,Sony Pictures,PG-13,Horror,"$29,136,626 ",3674228,"$28,989,659 ",87 min
106,The Mechanic,,1/28/11,CBS Films,R,Action/Adventure,"$29,121,498 ",3672320,"$28,974,605 ",100 min
107,Abduction,,9/23/11,Lionsgate,PG-13,Thriller/Suspense,"$28,087,155 ",3541886,"$27,945,481 ",106 min
108,Beastly,,3/4/11,CBS Films,PG-13,Drama,"$27,865,571 ",3513943,"$27,725,010 ",95 min
109,The Sitter,,12/9/11,20th Century Fox,R,Comedy,"$26,816,340 ",3381632,"$26,681,076 ",100 min
110,Winnie the Pooh,,7/15/11,Walt Disney Pictures,G,Action/Adventure,"$26,692,846 ",3366059,"$26,558,206 ",63 min
111,Killer Elite,,9/23/11,Open Road,R,Action/Adventure,"$25,124,986 ",3168346,"$24,998,250 ",100 min
112,Season of the Witch,,1/7/11,Relativity,PG-13,Thriller/Suspense,"$24,827,228 ",3130798,"$24,701,996 ",98 min
113,Our Idiot Brother,,8/26/11,Weinstein Co.,R,Comedy,"$24,814,830 ",3129235,"$24,689,664 ",90 min
114,Don't Be Afraid of the Dark,,8/26/11,FilmDistrict,R,Horror,"$24,046,682 ",3032368,"$23,925,384 ",100 min
115,Sanctum,,2/4/11,Universal,R,Action/Adventure,"$23,209,310 ",2926773,"$23,092,239 ",103 min
116,Monte Carlo,,7/1/11,20th Century Fox,PG,Comedy,"$23,186,769 ",2923931,"$23,069,816 ",109 min
117,Your Highness,,4/8/11,Universal,R,Comedy,"$21,596,445 ",2723385,"$21,487,508 ",102 min
118,Mars Needs Moms,,3/11/11,Walt Disney Pictures,PG,Action/Adventure,"$21,392,758 ",2697700,"$21,284,853 ",88 min
119,Dream House,,9/30/11,Universal,PG-13,Horror,"$21,302,340 ",2686298,"$21,194,891 ",92 min
120,Conan the Barbarian 3D,,8/19/11,Lionsgate,R,Action/Adventure,"$21,295,021 ",2685375,"$21,187,609 ",112 min
121,The Three Musketeers 3D,,10/21/11,Summit Entertainment,PG-13,Action/Adventure,"$20,374,484 ",2569292,"$20,271,714 ",110 min
122,Country Strong,,12/22/10,Sony Pictures,PG-13,Drama,"$20,099,179 ",2534575,"$19,997,797 ",112 min
123,The Eagle,,2/11/11,Focus Features,PG-13,Action/Adventure,"$19,490,041 ",2457761,"$19,391,734 ",114 min
124,Shark Night 3D,,9/2/11,Relativity,PG-13,Horror,"$18,877,153 ",2380473,"$18,781,932 ",95 min
125,Fright Night,,8/19/11,Walt Disney Pictures,R,Horror,"$18,298,649 ",2307522,"$18,206,349 ",120 min
126,Apollo 18,,9/2/11,Weinstein Co.,PG-13,Thriller/Suspense,"$17,686,929 ",2230382,"$17,597,714 ",86 min
127,The Chronicles of Narnia: The Voyage of the Dawn Treader,,12/10/10,20th Century Fox,PG,Action/Adventure,"$17,460,553 ",2201835,"$17,372,478 ",113 min
128,The Thing,,10/14/11,Universal,R,Horror,"$16,999,934 ",2143750,"$16,914,188 ",102 min
129,African Cats,,4/22/11,Walt Disney Pictures,G,Documentary,"$15,428,747 ",1945618,"$15,350,926 ",89 min
130,Gulliver's Travels,,12/22/10,20th Century Fox,PG,Comedy,"$15,324,755 ",1932504,"$15,247,457 ",95 min
131,Born to be Wild 3D,,4/8/11,Warner Bros.,G,Documentary,"$15,183,665 ",1914712,"$15,107,078 ",40 min
132,Judy Moody and the Not Bummer Summer,,6/10/11,Relativity,PG,Action/Adventure,"$15,013,650 ",1893272,"$14,937,916 ",91 min
133,The Darkest Hour,,12/25/11,Summit Entertainment,PG-13,Action/Adventure,"$14,215,634 ",1792640,"$14,143,930 ",89 min
134,What's Your Number?,,9/30/11,20th Century Fox,R,Comedy,"$14,011,084 ",1766845,"$13,940,407 ",106 min
135,One Day,,8/19/11,Focus Features,PG-13,Drama,"$13,843,771 ",1745747,"$13,773,944 ",107 min
136,Warrior,,9/9/11,Lionsgate,PG-13,Drama,"$13,657,115 ",1722209,"$13,588,229 ",139 min
137,The Tree of Life,,5/27/11,Fox Searchlight,PG-13,Drama,"$13,305,665 ",1677890,"$13,238,552 ",138 min
138,The Rum Diary,,10/28/11,FilmDistrict,R,Drama,"$13,109,815 ",1653192,"$13,043,685 ",120 min
139,The Tourist,,12/10/10,Sony Pictures,PG-13,Thriller/Suspense,"$12,997,966 ",1639088,"$12,932,404 ",103 min
140,Young Adult,,12/9/11,Paramount Pictures,R,Comedy,"$12,669,252 ",1597636,"$12,605,348 ",94 min
141,Harry Potter and the Deathly Hallows: Part I,,11/19/10,Warner Bros.,PG-13,Action/Adventure,"$12,450,090 ",1569999,"$12,387,292 ",146 min
142,Glee: The 3D Concert Movie,,8/12/11,20th Century Fox,PG,Other,"$11,862,398 ",1495889,"$11,802,564 ",100 min
143,The Conspirator,,4/15/11,Roadside Attractions,PG-13,Drama,"$11,538,204 ",1455007,"$11,480,005 ",122 min
144,Jane Eyre,,3/11/11,Focus Features,PG-13,Drama,"$11,242,660 ",1417738,"$11,185,953 ",121 min
145,Drive Angry,,2/25/11,Summit Entertainment,R,Action/Adventure,"$10,721,033 ",1351959,"$10,666,957 ",104 min
146,Straw Dogs,,9/16/11,Sony Pictures,R,Thriller/Suspense,"$10,324,441 ",1301947,"$10,272,362 ",105 min
147,Win Win,,3/18/11,Fox Searchlight,R,Drama,"$10,179,275 ",1283641,"$10,127,927 ",106 min
148,Hoodwinked 2: Hood vs. Evil,,4/29/11,Weinstein Co.,PG,Action/Adventure,"$10,143,779 ",1279165,"$10,092,612 ",85 min
149,Prom,,4/29/11,Walt Disney Pictures,PG,Comedy,"$10,130,219 ",1277455,"$10,079,120 ",103 min
150,Hubble 3D,,3/19/10,Warner Bros.,G,Documentary,"$9,936,258 ",1252996,"$9,886,138 ",43 min
151,I Don't Know How She Does It,,9/16/11,Weinstein Co.,PG-13,Comedy,"$9,659,074 ",1218042,"$9,610,351 ",
152,Blue Valentine,,12/29/10,Weinstein Co.,NC-17,Drama,"$9,446,285 ",1191209,"$9,398,639 ",
153,My Week with Marilyn,,11/23/11,Weinstein Co.,R,Drama,"$8,935,721 ",1126825,"$8,890,649 ",
154,Johnny English Reborn,,10/21/11,Universal,PG,Comedy,"$8,406,711 ",1060115,"$8,364,307 ",
155,127 h,,11/5/10,Fox Searchlight,R,Drama,"$7,900,795 ",996317,"$7,860,941 ",
156,Kevin Hart: Laugh at My Pain,,9/9/11,Codeblack Entertainment,R,Other,"$7,706,436 ",971808,"$7,667,565 ",
157,Elle s'appelait Sarah,,7/22/11,Weinstein Co.,PG,Drama,"$7,691,700 ",969950,"$7,652,906 ",
158,The Big Year,,10/14/11,20th Century Fox,PG,Comedy,"$7,204,138 ",908466,"$7,167,797 ",
159,Resident Evil: Afterlife 3D,,9/10/10,Sony Pictures,R,Horror,"$6,945,226 ",875817,"$6,910,196 ",
160,Take Me Home Tonight,,3/4/11,Relativity,Not Rated,Comedy,"$6,928,068 ",873653,"$6,893,122 "
161,Invictus,,12/11/09,Warner Bros.,PG-13,Drama,"$6,904,919 ",870734,"$6,870,091 "
162,Cedar Rapids,,2/11/11,Fox Searchlight,R,Comedy,"$6,861,102 ",865208,"$6,826,491 "
163,Beginners,,6/3/11,Focus Features,R,Drama,"$5,790,894 ",730251,"$5,761,680 "
164,The Guard,,7/29/11,Sony Pictures Classics,R,Comedy,"$5,336,144 ",672906,"$5,309,228 "
165,Cave of Forgotten Dreams,,4/29/11,IFC Films,G,Documentary,"$5,304,920 ",668968,"$5,278,158 "
166,Margin Call,,10/21/11,Roadside Attractions,R,Drama,"$5,254,187 ",662571,"$5,227,685 "
167,How Do You Know?,,12/17/10,Sony Pictures,R,Comedy,"$5,171,726 ",652172,"$5,145,637 "
168,The Artist,,11/25/11,Weinstein Co.,PG-13,Drama,"$5,044,344 ",636109,"$5,018,900 "
169,Biutiful,,12/29/10,Roadside Attractions,R,Drama,"$5,036,565 ",635128,"$5,011,160 "
170,Under the Sea 3D,,2/13/09,Warner Bros.,G,Documentary,"$4,948,586 ",624034,"$4,923,628 "
171,Atlas Shrugged: Part 1,,4/15/11,Rocky Mountain Pictures,PG-13,Drama,"$4,752,353 ",599288,"$4,728,382 "
172,Anonymous,,10/28/11,Sony Pictures,PG-13,Thriller/Suspense,"$4,463,292 ",562836,"$4,440,776 "
173,The Company Men,,1/21/11,Weinstein Co.,R,Drama,"$4,444,612 ",560481,"$4,422,195 "
174,Seven Days In Utopia,,9/2/11,Visio Entertainment,G,Drama,"$4,367,448 ",550750,"$4,345,418 "
175,Tinker Tailor Soldier Spy,,12/9/11,Focus Features,R,Thriller/Suspense,"$4,280,186 ",539746,"$4,258,596 "
176,Megamind,,11/5/10,Paramount Pictures,PG,Action/Adventure,"$4,223,825 ",532639,"$4,202,522 "
177,The Way,,10/7/11,Producer's Distribution Agency,PG-13,Drama,"$4,187,408 ",528046,"$4,166,283 "
178,Buck,,6/17/11,IFC Films,PG,Documentary,"$4,036,175 ",508975,"$4,015,813 "
179,Des Hommes et Des Dieux,,2/25/11,Sony Pictures Classics,R,Drama,"$3,954,651 ",498695,"$3,934,704 "
180,The Social Network,,10/1/10,Sony Pictures,PG-13,Drama,"$3,740,668 ",471711,"$3,721,800 "
181,Starbuck,,7/29/11,Entertainment One,Not Rated,Comedy,"$3,450,087 ",435068,"$3,432,687 "
182,Like Crazy,,10/28/11,Paramount Pictures,PG-13,Drama,"$3,372,100 ",425233,"$3,355,088 "
183,Don 2,,12/22/11,Reliance Big,Not Rated,Action/Adventure,"$3,288,726 ",414720,"$3,272,141 "
184,Le sens de l'humour,,7/6/11,Alliance,Not Rated,Comedy,"$3,179,193 ",400907,"$3,163,156 "
185,Zindagi Na Milegi Dobara,,7/15/11,Eros Entertainment,Not Rated,Drama,"$3,103,656 ",391382,"$3,088,004 "
186,La piel que habito,,10/14/11,Sony Pictures Classics,R,Drama,"$3,042,108 ",383620,"$3,026,762 "
187,Another Year,,12/29/10,Sony Pictures Classics,PG-13,Drama,"$3,041,052 ",383487,"$3,025,712 "
188,From Prada to Nada,,1/28/11,Lionsgate,PG-13,Comedy,"$3,033,623 ",382550,"$3,018,320 "
189,Albert Nobbs,,12/21/11,Roadside Attractions,R,Drama,"$2,934,097 ",370000,"$2,919,300 "
190,Martha Marcy May Marlene,,10/21/11,Fox Searchlight,R,Thriller/Suspense,"$2,913,443 ",367395,"$2,898,747 "
191,The Way Back,,1/21/11,Newmarket Films,PG-13,Action/Adventure,"$2,719,296 ",342912,"$2,705,576 "
192,Everything Must Go,,5/13/11,Roadside Attractions,PG,Drama,"$2,712,131 ",342009,"$2,698,451 "
193,Bucky Larson: Born to Be a Star,,9/9/11,Sony Pictures,R,Comedy,"$2,529,395 ",318965,"$2,516,634 "
194,Melancholia,,11/11/11,Magnolia Pictures,R,Thriller/Suspense,"$2,517,506 ",317466,"$2,504,807 "
195,Ra. One,,10/28/11,Eros Entertainment,Not Rated,Action/Adventure,"$2,509,150 ",316412,"$2,496,491 "
196,The Grace Card,,2/25/11,Samuel Goldwyn Films,PG-13,Drama,"$2,430,735 ",306524,"$2,418,474 "
197,Space Station,,4/19/02,IMAX Films,Not Rated,Documentary,"$2,167,258 ",273299,"$2,156,329 "
198,L'illusionniste,,12/25/10,Sony Pictures Classics,PG,Action/Adventure,"$2,107,998 ",265826,"$2,097,367 "
199,Unstoppable,,11/12/10,20th Century Fox,PG-13,Action/Adventure,"$2,094,456 ",264118,"$2,083,891 "
200,The Trip,,6/10/11,IFC Films,Not Rated,Comedy,"$2,030,962 ",256111,"$2,020,716 "
201,Shame,,12/2/11,Fox Searchlight,NC-17,Drama,"$1,965,874 ",247903,"$1,955,955 "
202,Cats & Dogs: The Revenge of Kitty Galore,,7/30/10,Warner Bros.,PG,Comedy,"$1,953,539 ",246348,"$1,943,686 "
203,The Mighty Macs,,10/21/11,Quaker Media,G,Drama,"$1,891,936 ",238580,"$1,882,396 "
204,Gerry,,6/15/11,Seville,Not Rated,Drama,"$1,844,754 ",232630,"$1,835,451 "
205,Bodyguard,,8/31/11,Reliance Big,Not Rated,Action/Adventure,"$1,834,384 ",231322,"$1,825,131 "
206,Rabbit Hole,,12/17/10,Lionsgate,PG-13,Drama,"$1,793,829 ",226208,"$1,784,781 "
207,A Better Life,,6/24/11,Summit Entertainment,Not Rated,Drama,"$1,759,252 ",221848,"$1,750,381 "
208,Burlesque,,11/24/10,Sony Pictures,PG-13,Drama,"$1,707,094 ",215270,"$1,698,480 "
209,Take Shelter,,9/30/11,Sony Pictures Classics,R,Drama,"$1,671,202 ",210744,"$1,662,770 "
210,Potiche,,3/25/11,Music Box Films,R,Comedy,"$1,618,844 ",204142,"$1,610,680 "
211,Senna,,8/12/11,Universal,R,Documentary,"$1,612,430 ",203333,"$1,604,297 "
212,I Am,,2/18/11,Paladin,Not Rated,Documentary,"$1,591,034 ",200635,"$1,583,010 "
213,A Dangerous Method,,11/23/11,Sony Pictures Classics,R,Drama,"$1,576,757 ",198834,"$1,568,800 "
214,Cafe de flore,,9/23/11,Alliance,Not Rated,Drama,"$1,574,881 ",198598,"$1,566,938 "
215,Monsieur Lazhar,,10/28/11,Music Box Films,PG-13,Drama,"$1,561,107 ",196861,"$1,553,233 "
216,Delhi Belly,,7/1/11,UTV Communications,Not Rated,Comedy,"$1,532,594 ",193265,"$1,524,861 "
217,La doppia ora,,4/15/11,Samuel Goldwyn Films,Not Rated,Thriller/Suspense,"$1,514,942 ",191039,"$1,507,298 "
218,Bill Cunningham New York,,3/16/11,Zeitgeist,Not Rated,Documentary,"$1,510,026 ",190419,"$1,502,406 "
219,Breakaway,,9/30/11,Alliance,PG-13,Comedy,"$1,481,735 ",186852,"$1,474,262 "
220,The Art of Getting By,,6/17/11,Fox Searchlight,PG-13,Comedy,"$1,430,241 ",180358,"$1,423,025 "
221,Salvando al Soldado Perez,,9/2/11,Lionsgate,PG-13,Action/Adventure,"$1,400,726 ",176636,"$1,393,658 "
222,Copie conforme,,3/11/11,IFC Films,Not Rated,Drama,"$1,373,975 ",173263,"$1,367,045 "
223,The Devil's Double,,7/29/11,Lionsgate,R,Drama,"$1,361,512 ",171691,"$1,354,642 "
224,Somewhere,,12/22/10,Focus Features,R,Drama,"$1,352,809 ",170594,"$1,345,987 "
225,2011 Oscar Shorts,,2/11/11,Shorts International,Not Rated,Other,"$1,352,152 ",170511,"$1,345,332 "
226,Snow Flower and the Secret Fan,,7/15/11,Fox Searchlight,PG-13,Drama,"$1,348,205 ",170013,"$1,341,403 "
227,"No Eres Tu, Soy Yo",,4/8/11,Lionsgate,PG-13,Comedy,"$1,339,911 ",168967,"$1,333,150 "
228,Another Earth,,7/22/11,Fox Searchlight,PG-13,Drama,"$1,321,194 ",166607,"$1,314,529 "
229,Due Date,,11/5/10,Warner Bros.,R,Comedy,"$1,307,121 ",164832,"$1,300,524 "
230,Flying Monsters 3D,,10/7/11,National Geographic Entertainment,Not Rated,Documentary,"$1,249,730 ",157595,"$1,243,425 "
231,"Beats, Rhymes & Life: The Travels of a Tribe Called Quest",,7/8/11,Sony Pictures Classics,R,Documentary,"$1,200,046 ",151330,"$1,193,994 "
232,Kill the Irishman,,3/11/11,Anchor Bay Entertainment,R,Drama,"$1,188,194 ",149835,"$1,182,198 "
233,Dylan Dog: Dead of Night,,4/29/11,Omni/Freestyle,PG-13,Horror,"$1,186,538 ",149626,"$1,180,549 "
234,Sholem Aleichem: Laughing in the Darkness,,7/8/11,International Film Circuit,Not Rated,Documentary,"$1,131,261 ",142656,"$1,125,556 "
235,The Whistleblower,,8/5/11,Samuel Goldwyn Films,R,Drama,"$1,120,914 ",141351,"$1,115,259 "
236,The Heart Specialist,,1/14/11,Freestyle Releasing,R,Comedy,"$1,103,037 ",139097,"$1,097,475 "
237,Love and Other Drugs,,11/24/10,20th Century Fox,R,Drama,"$1,099,917 ",138703,"$1,094,367 "
238,There Be Dragons,,5/6/11,Samuel Goldwyn Films,PG-13,Drama,"$1,069,334 ",134847,"$1,063,943 "
239,Page One: Inside the New York Times,,6/17/11,Magnolia Pictures,R,Documentary,"$1,067,028 ",134556,"$1,061,647 "
240,Desi Boyz,,11/25/11,Eros Entertainment,Not Rated,Comedy,"$1,066,167 ",134447,"$1,060,787 "
241,Red State,,3/5/11,Smodshow Productions,R,Horror,"$1,065,429 ",134354,"$1,060,053 "
242,Attack the Block,,7/29/11,Sony/Screen Gems,R,Action/Adventure,"$1,024,175 ",129152,"$1,019,009 "
243,Haevnen,,4/1/11,Sony Pictures Classics,R,Drama,"$1,008,098 ",127125,"$1,003,016 "
244,Rockstar,,11/11/11,Eros Entertainment,Not Rated,Drama,"$985,912 ",124327,"$980,940 "
245,Meek's Cutoff,,4/8/11,Oscilloscope Pictures,PG,Drama,"$977,772 ",123300,"$972,837 "
246,Yamla Pagla Deewana,,1/14/11,Eros Entertainment,Not Rated,Comedy,"$971,240 ",122477,"$966,344 "
247,The Beaver,,5/6/11,Summit Entertainment,PG-13,Comedy,"$970,816 ",122423,"$965,917 "
248,Redi,,6/3/11,Eros Entertainment,Not Rated,Comedy,"$934,951 ",117901,"$930,239 "
249,"I Love You, Phillip Morris",,12/3/10,Roadside Attractions,R,Comedy,"$911,157 ",114900,"$906,561 "
250,Red,,10/15/10,Summit Entertainment,PG-13,Action/Adventure,"$874,975 ",110337,"$870,559 "
251,Inside Job,,10/8/10,Sony Pictures Classics,PG-13,Documentary,"$859,817 ",108426,"$855,481 "
252,Higher Ground,,8/26/11,Sony Pictures Classics,R,Drama,"$841,056 ",106060,"$836,813 "
253,Sur le rythme,,8/10/11,Seville,Not Rated,Other,"$833,180 ",105067,"$828,979 "
254,The Lord of the Rings: The Return of the King,,12/17/03,Warner Bros.,PG-13,Action/Adventure,"$818,580 ",103226,"$814,453 "
255,Casino Jack,,12/17/10,Samuel Goldwyn Films,R,Thriller/Suspense,"$808,865 ",102001,"$804,788 "
256,Jûsan-nin no shikaku,,4/29/11,Magnolia Pictures,R,Action/Adventure,"$802,778 ",101233,"$798,728 "
257,The Lord of the Rings: The Fellowship of the Ring,,12/19/01,Warner Bros.,PG-13,Action/Adventure,"$768,580 ",96921,"$764,707 "
258,The Lord of the Rings: The Two Towers,,12/18/02,Warner Bros.,PG-13,Action/Adventure,"$764,607 ",96420,"$760,754 "
259,Le hérisson,,3/12/10,NeoClassics Films,Not Rated,Drama,"$755,668 ",95292,"$751,854 "
260,Les femmes du 6ème étage,,6/3/11,Strand,Not Rated,Comedy,"$733,294 ",92471,"$729,596 "
261,Mausam,,9/23/11,Eros Entertainment,Not Rated,Other,"$725,966 ",91547,"$722,306 "
262,The Polar Express,,11/10/04,Warner Bros.,G,Action/Adventure,"$711,168 ",89681,"$707,583 "
263,A bout portant,,7/29/11,Magnolia Pictures,R,Thriller/Suspense,"$708,215 ",89308,"$704,640 "
264,Hobo with a Shotgun,,5/6/11,Magnolia Pictures,Not Rated,Action/Adventure,"$703,372 ",88698,"$699,827 "
265,Tabloid!,,7/15/11,IFC Films,R,Documentary,"$696,921 ",87884,"$693,405 "
266,Mozart's Sister,,8/19/11,Music Box Films,Not Rated,Drama,"$684,496 ",86317,"$681,041 "
267,Terri,,7/1/11,ATO Pictures,R,Comedy,"$655,802 ",82699,"$652,495 "
268,Aarakshan,,8/12/11,Reliance Big,Not Rated,Drama,"$651,096 ",82105,"$647,808 "
269,Secretariat,,10/8/10,Walt Disney Pictures,PG,Drama,"$645,831 ",81441,"$642,569 "
270,Patiala House,,2/11/11,Tachyon,Not Rated,Drama,"$644,010 ",81212,"$640,763 "
271,POM Wonderful Presents: The Greatest Movie Ever Sold,,4/22/11,Sony Pictures Classics,PG-13,Documentary,"$638,476 ",80514,"$635,255 "
272,The Last Lions,,2/18/11,National Geographic Entertainment,PG,Documentary,"$635,325 ",80117,"$632,123 "
273,Made in Dagenham,,11/19/10,Sony Pictures Classics,R,Drama,"$602,990 ",76039,"$599,948 "
274,Dhobi Ghat,,1/21/11,UTV Communications,Not Rated,Drama,"$577,485 ",72823,"$574,573 "
275,The Future,,7/29/11,Roadside Attractions,R,Drama,"$568,662 ",71710,"$565,792 "
276,Dum Maaro Dum,,4/22/11,Fox Searchlight,R,Drama,"$564,489 ",71184,"$561,642 "
277,Even the Rain,,2/18/11,Vitagraph Films,Not Rated,Other,"$558,132 ",70382,"$555,314 "
278,Double Dhamaal,,6/24/11,Reliance Big,Not Rated,Comedy,"$543,646 ",68556,"$540,907 "
279,Winter in Wartime,,3/18/11,Sony Pictures Classics,R,Drama,"$542,860 ",68456,"$540,118 "
280,Crime d'amour,,9/2/11,IFC Films,Not Rated,Thriller/Suspense,"$539,792 ",68070,"$537,072 "
281,Machine Gun Preacher,,9/23/11,Relativity,R,Drama,"$538,690 ",67931,"$535,976 "
282,Deep Sea 3-D,,3/3/06,Warner Bros.,G,Documentary,"$524,144 ",66096,"$521,497 "
283,Le nom des gens,,6/24/11,Music Box Films,R,Comedy,"$514,237 ",64847,"$511,643 "
284,Bride Flight,,6/10/11,Music Box Films,R,Drama,"$501,360 ",63223,"$498,829 "
285,Mere Brother Ki Dulhan,,9/9/11,Yash Raj Films,Not Rated,Comedy,"$496,172 ",62569,"$493,669 "
286,Life as We Know It,,10/8/10,Warner Bros.,PG-13,Comedy,"$488,173 ",61560,"$485,708 "
287,Weekend,,9/23/11,IFC Films,Not Rated,Drama,"$484,592 ",61109,"$482,150 "
288,Joueuse,,4/1/11,Zeitgeist,Not Rated,Comedy,"$478,710 ",60367,"$476,296 "
289,Detective Dee and the Mystery of the Phantom Flame,,9/2/11,Indomina Releasing,PG-13,Thriller/Suspense,"$474,754 ",59868,"$472,359 "
290,Pearl Jam Twenty,,9/20/11,Arts Alliance America,Not Rated,Documentary,"$471,334 ",59437,"$468,958 "
291,Submarine,,6/3/11,Weinstein Co.,R,Comedy,"$467,602 ",58966,"$465,242 "
292,Jihne Mera Dil Luteya,,7/29/11,Viva Entertainment,Not Rated,Comedy,"$464,840 ",58618,"$462,496 "
293,Thank You,,4/8/11,UTV Communications,Not Rated,Comedy,"$463,540 ",58454,"$461,202 "
294,Circumstance,,8/26/11,Roadside Attractions,R,Drama,"$454,121 ",57266,"$451,829 "
295,No One Killed Jessica,,1/7/11,UTV Communications,Not Rated,Drama,"$442,036 ",55742,"$439,804 "
296,Frisson des Collines,,4/15/11,,Not Rated,Drama,"$434,589 ",54803,"$432,396 "
297,Poema de Salvacion,,10/15/10,CanZion Films,PG-13,Other,"$422,032 ",53220,"$419,906 "
298,Fair*Game,,11/5/10,Summit Entertainment,PG-13,Drama,"$421,935 ",53207,"$419,803 "
299,Project Nim,,7/8/11,Roadside Attractions,PG-13,Documentary,"$411,184 ",51852,"$409,112 "
300,The 5th Quarter,,3/25/11,Rocky Mountain Pictures,PG,Drama,"$408,159 ",51470,"$406,098 "
301,Turtle: The Incredible Journey,,6/24/11,Hannover House,G,Documentary,"$391,942 ",49425,"$389,963 "
302,Faster (2009),,11/24/10,CBS Films,R,Action/Adventure,"$383,150 ",48317,"$381,221 "
303,Hesher,,5/13/11,Wrekin Hill Entertainment,R,Drama,"$382,946 ",48291,"$381,016 "
304,Miral,,3/25/11,Weinstein Co.,PG-13,Drama,"$377,014 ",47543,"$375,114 "
305,MOOZ-lum,,2/11/11,"Peace Film, LLC",PG-13,Drama,"$362,239 ",45680,"$360,415 "
306,Le Havre,,10/21/11,Janus Films,Not Rated,Drama,"$358,706 ",45234,"$356,896 "
307,Shi,,2/11/11,Kino International,Not Rated,Drama,"$356,149 ",44912,"$354,356 "
308,La princesse de Montpensier,,4/15/11,IFC Films,Not Rated,Drama,"$352,428 ",44442,"$350,647 "
309,Extremely Loud and Incredibly Close,,12/25/11,Warner Bros.,PG-13,Drama,"$352,417 ",44441,"$350,639 "
310,Singham,,7/22/11,Reliance Big,Not Rated,Drama,"$350,864 ",44245,"$349,093 "
311,Carnage,,12/16/11,Sony Pictures Classics,R,Drama,"$348,605 ",43960,"$346,844 "
312,Arthur et la vengeance de Maltazard,,2/25/11,Alliance,PG,Action/Adventure,"$347,136 ",43775,"$345,385 "
313,The First Grader,,5/13/11,National Geographic Entertainment,PG-13,Drama,"$332,306 ",41905,"$330,630 "
314,Super,,4/1/11,IFC Films,PG-13,Comedy,"$327,716 ",41326,"$326,062 "
315,Creature,,9/9/11,The Bubble Factory,R,Horror,"$327,000 ",41236,"$325,352 "
316,Bbuddah: Hoga Tera Baap,,7/1/11,,Not Rated,Other,"$326,011 ",41111,"$324,366 "
317,Dharti,,4/22/11,Viva Entertainment,Not Rated,Drama,"$317,505 ",40038,"$315,900 "
318,L'Amour Fou,,5/13/11,IFC Films,Not Rated,Documentary,"$312,494 ",39407,"$310,921 "
319,Despicable Me,,7/9/10,Universal,PG,Comedy,"$310,760 ",39188,"$309,193 "
320,Winter's Bone,,6/11/10,Roadside Attractions,R,Drama,"$285,995 ",36065,"$284,553 "
321,The Black Power Mixtape: 1967-1975,,9/9/11,IFC Films,Not Rated,Documentary,"$273,749 ",34521,"$272,371 "
322,Saat Khoon Maaf,,2/18/11,UTV Communications,Not Rated,Other,"$273,083 ",34437,"$271,708 "
323,The Concert,,7/23/10,Weinstein Co.,PG-13,Drama,"$268,023 ",33799,"$266,674 "
324,Conan O'Brien Can't Stop,,6/24/11,Abramorama Films,R,Documentary,"$267,965 ",33791,"$266,611 "
325,Munger Road,,9/30/11,Freestyle Releasing,PG-13,Thriller/Suspense,"$266,688 ",33630,"$265,341 "
326,The Mill and  the Cross,,9/14/11,Kino Lorber,Not Rated,Drama,"$264,873 ",33401,"$263,534 "
327,Phil Ochs,,1/5/11,First Run Features,Not Rated,Documentary,"$263,723 ",33256,"$262,390 "
328,Sea Monsters: A Prehistoric Adventure,,10/5/07,National Geographic Entertainment,Not Rated,Documentary,"$262,465 ",33098,"$261,143 "
329,Rascals,,10/7/11,Eros Entertainment,Not Rated,Other,"$261,156 ",32933,"$259,841 "
330,The Music Never Stopped,,3/18/11,Roadside Attractions,PG,Drama,"$258,538 ",32603,"$257,238 "
331,All Good Things,,12/3/10,Magnolia Pictures,R,Drama,"$258,373 ",32582,"$257,072 "
332,PASSIONE: A Musical Adventure,,6/22/11,Abramorama Films,Not Rated,Documentary,"$258,222 ",32563,"$256,922 "
333,Trolljegeren,,6/10/11,Magnet Pictures,PG,Horror,"$253,444 ",31960,"$252,164 "
334,Life in a Day,,7/29/11,National Geographic Entertainment,PG,Documentary,"$252,788 ",31877,"$251,510 "
335,Morning Glory,,11/10/10,Paramount Pictures,PG-13,Comedy,"$251,756 ",31747,"$250,484 "
336,My Perestroika,,3/23/11,International Film Circuit,Not Rated,Documentary,"$242,706 ",30606,"$241,481 "
337,Tanu Weds Manu,,2/25/11,Viva Entertainment,Not Rated,Comedy,"$240,020 ",30267,"$238,807 "
338,The Interrupters,,7/29/11,Cinema Guild,Not Rated,Documentary,"$236,957 ",29881,"$235,761 "
339,Being Elmo: A Puppeteer's Journey,,10/21/11,Submarine Deluxe,PG,Documentary,"$236,939 ",29879,"$235,745 "
340,Serge Gainsbourg vie heroique,,8/31/11,Music Box Films,Not Rated,Drama,"$230,767 ",29101,"$229,607 "
341,Brighton Rock,,8/26/11,IFC Films,Not Rated,Drama,"$229,653 ",28960,"$228,494 "
342,Pina,,12/23/11,IFC Films,PG,Documentary,"$228,992 ",28877,"$227,840 "
343,Tucker & Dale vs. Evil,,9/30/11,Magnet Pictures,R,Comedy,"$223,838 ",28227,"$222,711 "
344,Into the Abyss,,11/11/11,IFC Films,PG-13,Documentary,"$223,340 ",28164,"$222,214 "
345,The Iron Lady,,12/30/11,Weinstein Co.,PG-13,Drama,"$220,409 ",27794,"$219,295 "
346,Happythankyoumoreplease,,3/4/11,Anchor Bay Entertainment,R,Comedy,"$216,110 ",27252,"$215,018 "
347,The Afflicted,,10/21/11,Nocturnal Features,Not Rated,Horror,"$212,940 ",26852,"$211,862 "
348,Ip Man: Legend of the Grand Master,,1/28/11,Variance Films,R,Action/Adventure,"$205,675 ",25936,"$204,635 "
349,The Wildest Dream,,8/6/10,National Geographic Entertainment,PG,Documentary,"$203,839 ",25705,"$202,812 "
350,Queen of the Sun,,9/17/10,Collective Eye,Not Rated,Documentary,"$203,100 ",25612,"$202,079 "
351,"Filth to Ashes, Flesh to Dust",,9/30/11,Nocturnal Features,Not Rated,Horror,"$196,147 ",24735,"$195,159 "
352,El Bulli: Cooking in Progress,,7/27/11,Alive Mind,Not Rated,Documentary,"$196,127 ",24732,"$195,135 "
353,Blackthorn,,10/7/11,Magnolia Pictures,R,Action/Adventure,"$186,660 ",23538,"$185,715 "
354,Bol,,8/31/11,Eros Entertainment,Not Rated,Drama,"$186,410 ",23507,"$185,470 "
355,Loong Boonmee raleuk chat,,3/4/11,Strand,Not Rated,Drama,"$184,292 ",23240,"$183,364 "
356,JIG,,6/17/11,Screen Media Films,PG,Documentary,"$183,790 ",23177,"$182,867 "
357,Rien a declarer,,8/26/11,Entertainment One,Not Rated,Comedy,"$182,295 ",22988,"$181,375 "
358,Amigo,,8/19/11,Variance Films,R,Drama,"$180,582 ",22772,"$179,671 "
359,Go For It!,,5/13/11,Pantelion Films,PG-13,Drama,"$180,237 ",22728,"$179,324 "
360,American: The Bill Hicks Story,,4/8/11,Variance Films,Not Rated,Documentary,"$174,796 ",22042,"$173,911 "
361,"The Man Nobody Knew: In Search of My Father, CIA Spymaster William Colby",,9/23/11,First Run Features,Not Rated,Documentary,"$170,888 ",21550,"$170,030 "
362,Bellflower,,8/5/11,Oscilloscope Pictures,R,Action/Adventure,"$168,226 ",21214,"$167,378 "
363,The Greatest Miracle,,10/14/11,,PG,Other,"$166,573 ",21005,"$165,729 "
364,The Last Godfather,,4/1/11,Roadside Attractions,PG-13,Comedy,"$164,247 ",20712,"$163,418 "
365,Restless,,9/16/11,Sony Pictures Classics,PG-13,Drama,"$163,141 ",20573,"$162,321 "
366,La Bonheur des autres,,10/7/11,Entertainment One,Not Rated,Comedy,"$162,303 ",20467,"$161,485 "
367,Pastorela,,12/2/11,Pantelion Films,R,Other,"$161,194 ",20327,"$160,380 "
368,Hanyo,,1/21/11,IFC Films,Not Rated,Thriller/Suspense,"$157,961 ",19919,"$157,161 "
369,A Good Old Fashioned Orgy,,9/2/11,Samuel Goldwyn Films,R,Comedy,"$154,604 ",19496,"$153,823 "
370,Luftslottet som sprängdes,,4/30/10,Music Box Films,R,Thriller/Suspense,"$154,599 ",19495,"$153,816 "
371,Magic Trip,,8/5/11,Magnolia Pictures,R,Documentary,"$154,521 ",19486,"$153,745 "
372,Decisions,,5/13/11,Self Distributed,R,Drama,"$153,280 ",19329,"$152,506 "
373,Le quattro volte,,3/30/11,Lorber Films,Not Rated,Drama,"$152,530 ",19235,"$151,764 "
374,3D Sex and Zen: Extreme Ecstasy,,8/12/11,China Lion Film Distribution,Not Rated,Comedy,"$152,365 ",19214,"$151,598 "
375,October Baby,,11/4/11,Five & Two Pictures,PG-13,Drama,"$151,952 ",19162,"$151,188 "
376,Jiàn D?ng W?i Yè,,6/24/11,China Lion Film Distribution,Not Rated,Drama,"$151,305 ",19080,"$150,541 "
377,Revenge of the Electric Car,,10/21/11,Area23a,PG-13,Documentary,"$150,886 ",19027,"$150,123 "
378,Gun Hill Road,,8/5/11,Motion Film Group,R,Drama,"$148,994 ",18789,"$148,245 "
379,Thunder Soul,,9/23/11,Roadside Attractions,PG,Documentary,"$143,986 ",18157,"$143,259 "
380,Nostalgia de la luz,,3/18/11,Icarus Films,Not Rated,Documentary,"$142,285 ",17943,"$141,570 "
381,Human Centipede 2: Full Sequence,,10/7/11,IFC Films,Not Rated,Horror,"$141,877 ",17891,"$141,160 "
382,Eames: The Architect and the Painter,,11/18/11,First Run Features,Not Rated,Documentary,"$139,813 ",17631,"$139,109 "
383,Dil Toh Baccha Hai Ji,,1/28/11,Viva Entertainment,Not Rated,Comedy,"$139,770 ",17625,"$139,061 "
384,Cold Weather,,2/4/11,IFC Films,Not Rated,Thriller/Suspense,"$138,755 ",17497,"$138,051 "
385,Labios Rojos,,10/14/11,,R,Other,"$136,163 ",17171,"$135,479 "
386,Xinhai geming,,10/7/11,Variance Films,R,Drama,"$135,739 ",17117,"$135,053 "
387,"Life, Above All",,7/15/11,Sony Pictures Classics,PG-13,Drama,"$134,078 ",16908,"$133,404 "
388,Game,,4/1/11,Eros Entertainment,Not Rated,Action/Adventure,"$132,035 ",16650,"$131,369 "
389,Akmareul Boatda,,3/4/11,Magnet Pictures,Not Rated,Thriller/Suspense,"$129,210 ",16294,"$128,560 "
390,Legend of the Guardians: The Owls of Ga'Hoole 3D,,9/24/10,Warner Bros.,PG,Action/Adventure,"$125,490 ",15825,"$124,859 "
391,The Bang Bang Club,,5/6/11,TriBeca Films,R,Drama,"$124,791 ",15737,"$124,165 "
392,Wo Zhi Nv Ren Xin,,2/4/11,China Lion Film Distribution,Not Rated,Comedy,"$123,527 ",15577,"$122,903 "
393,The Last Mountain,,6/3/11,Dada Films,PG,Documentary,"$122,959 ",15506,"$122,342 "
394,Nanjing! Nanjing!,,5/11/11,Kino International,R,Drama,"$122,558 ",15455,"$121,940 "
395,Jackass 3D,,10/15/10,Paramount Pictures,R,Comedy,"$120,275 ",15167,"$119,668 "
396,Trust,,4/1/11,Millenium Films,R,Drama,"$120,016 ",15134,"$119,407 "
397,Kaboom,,1/28/11,IFC Films,Not Rated,Comedy,"$118,919 ",14996,"$118,318 "
398,Inni,,9/27/11,Cinema Purgatorio,Not Rated,Other,"$117,691 ",14841,"$117,095 "
399,Blank City,,4/6/11,Insurgent Media,Not Rated,Documentary,"$116,037 ",14633,"$115,454 "
400,Vision,,10/13/10,Zeitgeist,Not Rated,Drama,"$115,591 ",14576,"$115,005 "
401,35 and Ticking,,5/20/11,Image Entertainment,R,Comedy,"$113,804 ",14351,"$113,229 "
402,Last Night,,5/6/11,TriBeca Films,R,Drama,"$112,087 ",14135,"$111,525 "
403,Mysteries of Lisbon,,8/5/11,Music Box Films,Not Rated,Thriller/Suspense,"$110,507 ",13935,"$109,947 "
404,Tiny Furniture,,11/12/10,IFC Films,Not Rated,Comedy,"$104,967 ",13237,"$104,440 "
405,Henry's Crime,,4/8/11,Motion Pictures Film and Television,R,Comedy,"$102,541 ",12931,"$102,026 "
406,Pariah,,12/28/11,Focus Features,R,Drama,"$101,755 ",12832,"$101,244 "
407,Young Goethe in Love,,11/4/11,Music Box Films,Not Rated,Drama,"$101,237 ",12766,"$100,724 "
408,Rubber,,4/1/11,Magnet Pictures,R,Other,"$100,370 ",12657,"$99,864 "
409,Rejoice and Shout,,6/3/11,Magnolia Pictures,PG,Documentary,"$100,237 ",12640,"$99,730 "
410,The Undefeated,,7/15/11,Cinedigm,PG-13,Documentary,"$100,085 ",12621,"$99,580 "
411,The Double,,10/28/11,Image Entertainment,PG-13,Thriller/Suspense,"$99,612 ",12561,"$99,106 "
412,The Warrior's Way,,12/3/10,Relativity,R,Action/Adventure,"$97,039 ",12237,"$96,550 "
413,A Little Help,,7/22/11,Freestyle Releasing,R,Comedy,"$96,868 ",12215,"$96,376 "
414,Tomboy,,11/18/11,Rocket Releasing,Not Rated,Drama,"$96,159 ",12126,"$95,674 "
415,My Dog Tulip,,9/1/10,New Yorker,Not Rated,Drama,"$95,316 ",12020,"$94,838 "
416,Paranormal Activity 2,,10/22/10,Paramount Pictures,R,Horror,"$92,259 ",11634,"$91,792 "
417,Evil Bong 3 The Wrath Of Bong!,,4/9/11,Full Moon Features,R,Comedy,"$91,260 ",11508,"$90,798 "
418,Exporting Raymond,,4/29/11,Samuel Goldwyn Films,PG,Documentary,"$87,727 ",11063,"$87,287 "
419,Vidal Sassoon: The Movie,,2/11/11,Phase 4 Films,PG,Documentary,"$85,974 ",10842,"$85,543 "
420,Carancho,,2/11/11,Strand,Not Rated,Drama,"$85,526 ",10785,"$85,094 "
421,Tropa de Elite 2: O Inimigo Agora É Outro,,11/11/11,Variance Films,Not Rated,Action/Adventure,"$85,503 ",10782,"$85,070 "
422,Waste Land,,10/29/10,Arthouse Films,Not Rated,Documentary,"$85,262 ",10752,"$84,833 "
423,Der Räuber,,2/3/11,Kino International,Not Rated,Drama,"$83,259 ",10499,"$82,837 "
424,Oy Vey! My Son is Gay!,,12/24/10,,PG-13,Other,"$81,929 ",10332,"$81,519 "
425,Inkubus,,10/28/11,Screen Media Films,R,Horror,"$81,600 ",10290,"$81,188 "
426,Su Qi Er,,5/13/11,Indomina Releasing,R,Action/Adventure,"$80,096 ",10100,"$79,689 "
427,Circo,,4/1/11,First Run Features,Not Rated,Documentary,"$77,466 ",9769,"$77,077 "
428,Beautiful Boy,,6/3/11,Anchor Bay Entertainment,R,Drama,"$77,247 ",9741,"$76,856 "
429,Chalo Dilli,,4/29/11,Eros Entertainment,Not Rated,Other,"$72,486 ",9141,"$72,122 "
430,Kings of Pastry,,9/15/10,First Run Features,Not Rated,Documentary,"$71,904 ",9067,"$71,539 "
431,Evidence of a Haunting,,8/26/11,Nocturnal Features,Not Rated,Horror,"$71,834 ",9059,"$71,476 "
432,The Tree,,7/15/11,Zeitgeist,Not Rated,Drama,"$71,158 ",8973,"$70,797 "
433,Hausu,,1/15/10,Janus Films,Not Rated,Other,"$69,650 ",8783,"$69,298 "
434,Zhan Guo,,4/22/11,China Lion Film Distribution,Not Rated,Other,"$68,961 ",8696,"$68,611 "
435,Les amours imaginaires,,6/11/10,IFC Films,Not Rated,Drama,"$68,723 ",8666,"$68,375 "
436,Four Lions,,11/5/10,Drafthouse Films,R,Comedy,"$67,871 ",8559,"$67,531 "
437,Puncture,,9/23/11,Millenium Films,R,Drama,"$67,071 ",8458,"$66,734 "
438,Mei Li Ren Sheng,,5/20/11,China Lion Film Distribution,Not Rated,Drama,"$66,171 ",8344,"$65,834 "
439,Shaolin,,9/9/11,Variance Films,R,Action/Adventure,"$66,099 ",8335,"$65,763 "
440,Snowmen,,10/21/11,ARC Entertainment,PG,Drama,"$66,000 ",8323,"$65,668 "
441,Get Low,,7/30/10,Sony Pictures Classics,PG-13,Other,"$65,445 ",8253,"$65,116 "
442,Bhutto,,12/3/10,First Run Features,Not Rated,Documentary,"$65,239 ",8227,"$64,911 "
443,Co Dau Dai Chien,,5/6/11,Variance Films,Not Rated,Other,"$64,572 ",8143,"$64,248 "
444,The Human Resources Manager,,3/4/11,Film Movement,Not Rated,Drama,"$64,014 ",8072,"$63,688 "
445,Sama Wozu,,12/24/10,GKIDS,PG-13,Action/Adventure,"$62,559 ",7889,"$62,244 "
446,Gekijouban Trigun: Badlands Rumble,,7/8/11,Eleven Arts,Not Rated,Action/Adventure,"$62,027 ",7822,"$61,716 "
447,Queen of the Lot,,11/19/10,Rainbow Releasing,R,Drama,"$61,908 ",7807,"$61,597 "
448,If A Tree Falls: The Story of the Earth Liberation Front,,6/22/11,Oscilloscope Pictures,Not Rated,Drama,"$61,794 ",7792,"$61,479 "
449,Viva Riva!,,6/10/11,Music Box Films,R,Thriller/Suspense,"$61,759 ",7788,"$61,447 "
450,Une vie qui commence,,1/21/11,Alliance Vivafilm,Not Rated,Drama,"$61,337 ",7735,"$61,029 "
451,The Whale,,9/9/11,Paladin,G,Documentary,"$61,120 ",7707,"$60,808 "
452,How to Live Forever,,5/13/11,Variance Films,Not Rated,Documentary,"$60,630 ",7646,"$60,327 "
453,Limelight,,9/23/11,Magnolia Pictures,Not Rated,Documentary,"$60,335 ",7608,"$60,027 "
454,Crime after Crime,,7/1/11,Life Sentence Films m Tuckman Media,Not Rated,Documentary,"$60,291 ",7603,"$59,988 "
455,3,,9/16/11,Strand,Not Rated,Drama,"$59,774 ",7538,"$59,475 "
456,Jodaeiye Nader az Simin,,12/30/11,Sony Pictures Classics,PG-13,Drama,"$59,481 ",7501,"$59,183 "
457,White Material,,11/19/10,IFC Films,Not Rated,Drama,"$57,692 ",7275,"$57,400 "
458,Finding Joe,,9/30/11,Balcony Releasing,Not Rated,Documentary,"$55,518 ",7001,"$55,238 "
459,Into Eternity,,2/2/11,International Film Circuit,Not Rated,Documentary,"$55,366 ",6982,"$55,088 "
460,The Other F Word,,11/4/11,Oscilloscope Pictures,Not Rated,Documentary,"$53,714 ",6774,"$53,447 "
461,Dirty Girl,,10/7/11,Weinstein Co.,R,Drama,"$53,630 ",6763,"$53,360 "
462,In The Land of Blood and Honey,,12/23/11,FilmDistrict,R,Drama,"$53,356 ",6728,"$53,084 "
463,Farmageddon,,6/17/11,Kristin Marie Productions,Not Rated,Documentary,"$53,256 ",6716,"$52,989 "
464,For Colored Girls,,11/5/10,Lionsgate,R,Drama,"$52,924 ",6674,"$52,658 "
465,"!Women, Art, Revolution",,6/1/11,Zeitgeist,Not Rated,Documentary,"$52,681 ",6643,"$52,413 "
466,My Reincarnation,,10/28/11,Long Shot Factory,Not Rated,Documentary,"$51,742 ",6525,"$51,482 "
467,Jing mo fung wan: Chen Zhen,,4/22/11,Variance Films,R,Action/Adventure,"$50,433 ",6360,"$50,180 "
468,Orgasm Inc.,,2/11/11,First Run Features,Not Rated,Documentary,"$49,001 ",6179,"$48,752 "
469,The Perfect Host,,7/1/11,Magnolia Pictures,R,Thriller/Suspense,"$48,764 ",6149,"$48,516 "
470,Marwencol,,10/8/10,,Not Rated,Documentary,"$48,744 ",6147,"$48,500 "
471,Putty Hill,,2/18/11,Cinema Guild,Not Rated,Drama,"$48,644 ",6134,"$48,397 "
472,"Lebanon, PA",,4/29/11,Truly Indie,PG-13,Drama,"$48,381 ",6101,"$48,137 "
473,Dao Jian Xiao,,3/18/11,China Lion Film Distribution,PG-13,Comedy,"$47,897 ",6040,"$47,656 "
474,What If...,,8/20/10,Five & Two Pictures,PG,Other,"$47,362 ",5973,"$47,127 "
475,Pianomania,,5/27/11,First Run Features,Not Rated,Documentary,"$47,328 ",5968,"$47,088 "
476,Margaret,,9/30/11,Fox Searchlight,R,Drama,"$47,185 ",5950,"$46,946 "
477,Alabama Moon,,4/1/11,Faulkner-McLean Entertainment,PG,Action/Adventure,"$47,009 ",5928,"$46,772 "
478,"Connected: An Autobiography about Love, Death & Technology",,9/16/11,Paladin,Not Rated,Documentary,"$46,782 ",5899,"$46,543 "
479,The Woodmans,,1/19/11,Lorber Films,Not Rated,Documentary,"$46,623 ",5879,"$46,385 "
480,The Tempest,,12/10/10,Miramax,PG-13,Drama,"$46,310 ",5840,"$46,078 "
481,Every Day,,1/14/11,Image Entertainment,R,Drama,"$46,029 ",5804,"$45,794 "
482,Tees Maar Khan,,12/22/10,UTV Communications,Not Rated,Comedy,"$45,764 ",5771,"$45,533 "
483,Rapt,,7/6/11,Lorber Films,Not Rated,Drama,"$45,759 ",5770,"$45,525 "
484,Texas Killing Fields,,10/14/11,Anchor Bay Entertainment,R,Thriller/Suspense,"$45,470 ",5734,"$45,241 "
485,Sykt lykkelig,,9/16/11,Magnolia Pictures,R,Drama,"$45,154 ",5694,"$44,926 "
486,Contracorriente,,9/17/10,The Film Collaborative,Not Rated,Drama,"$44,462 ",5607,"$44,239 "
487,Desert Flower,,3/18/11,National Geographic Entertainment,R,Drama,"$44,348 ",5592,"$44,121 "
488,Crazy Wisdom,,11/25/11,Alive Mind,Not Rated,Documentary,"$43,742 ",5516,"$43,521 "
489,Love Etc.,,7/1/11,,Not Rated,Documentary,"$43,593 ",5497,"$43,371 "
490,Over Your Cities Grass Will Grow,,8/10/11,Alive Mind,Not Rated,Documentary,"$43,214 ",5449,"$42,993 "
491,Public Speaking,,2/23/11,Rialto Pictures,Not Rated,Documentary,"$43,184 ",5446,"$42,969 "
492,People v. The State of Illusion,,9/9/11,Samuel Goldwyn Films,Not Rated,Documentary,"$42,202 ",5322,"$41,991 "
493,Down for Life,,1/14/11,BD Fox Independent,Not Rated,Drama,"$41,914 ",5285,"$41,699 "
494,La conquête,,11/11/11,Music Box Films,Not Rated,Drama,"$41,130 ",5187,"$40,925 "
495,Myth of the American Sleepover,,7/22/11,IFC Films,Not Rated,Drama,"$41,045 ",5176,"$40,839 "
496,Choejongbyungki Hwal,,10/14/11,CJ Entertainment,R,Action/Adventure,"$40,685 ",5131,"$40,484 "
497,The Last Circus,,8/19/11,Magnolia Pictures,R,Comedy,"$40,548 ",5113,"$40,342 "
498,CornerStore,,8/12/11,Shotown Pictures,Not Rated,Comedy,"$40,508 ",5108,"$40,302 "
499,Louder Than A Bomb,,5/18/11,Balcony Releasing,Not Rated,Documentary,"$40,362 ",5090,"$40,160 "
500,Road to Nowhere,,6/10/11,Monterey Media,R,Thriller/Suspense,"$40,294 ",5081,"$40,089 "
501,Baiyin diguo,,6/3/11,China Lion Film Distribution,Not Rated,Drama,"$40,052 ",5051,"$39,852 "
502,3 Backyards,,3/11/11,Screen Media Films,R,Drama,"$39,475 ",4978,"$39,276 "
503,We need to Talk About Kevin,,12/9/11,Oscilloscope Pictures,Not Rated,Drama,"$39,297 ",4955,"$39,095 "
504,O Estranho Caso de Angélica,,12/31/10,Cinema Guild,Not Rated,Drama,"$38,996 ",4918,"$38,803 "
505,When Harry Tries to Marry,,4/22/11,108 Pics,PG-13,Comedy,"$38,261 ",4825,"$38,069 "
506,Les Neiges du Kilimanjaro,,12/9/11,Mongrel Media,Not Rated,Drama,"$38,246 ",4823,"$38,053 "
507,Where Soldiers Come From,,9/9/11,International Film Circuit,Not Rated,Documentary,"$38,151 ",4811,"$37,959 "
508,11/11/11,,11/11/11,Rocket Releasing,R,Horror,"$38,100 ",4805,"$37,911 "
509,Le rayon vert,,6/9/11,The Film Desk,Not Rated,Other,"$37,804 ",4767,"$37,612 "
510,En ganske snill mann,,1/14/11,Strand,Not Rated,Comedy,"$37,743 ",4760,"$37,556 "
511,Sleeping Beauty,,12/2/11,IFC Films,Not Rated,Drama,"$37,710 ",4755,"$37,517 "
512,Fireflies in the Garden,,10/14/11,,Not Rated,Drama,"$36,884 ",4651,"$36,696 "
513,Granito: How to Nail a Dictator,,9/14/11,Skylight Pictures,Not Rated,Documentary,"$36,738 ",4633,"$36,554 "
514,Dogtooth,,6/25/10,Kino International,Not Rated,Drama,"$36,399 ",4590,"$36,215 "
515,Da Wu Sheng,,9/9/11,China Lion Film Distribution,Not Rated,Drama,"$35,986 ",4538,"$35,805 "
516,Hell and Back Again,,10/5/11,Docurama,Not Rated,Documentary,"$34,637 ",4368,"$34,464 "
517,Hereafter,,10/15/10,Warner Bros.,PG-13,Thriller/Suspense,"$34,355 ",4332,"$34,179 "
518,Love in Space,,9/9/11,China Lion Film Distribution,PG,Comedy,"$33,976 ",4284,"$33,801 "
519,Making the Boys,,3/11/11,First Run Features,Not Rated,Documentary,"$33,833 ",4266,"$33,659 "
520,Tamara Drewe,,10/8/10,Sony Pictures Classics,R,Comedy,"$33,752 ",4256,"$33,580 "
521,Stake Land,,4/22/11,IFC Films,R,Horror,"$33,245 ",4192,"$33,075 "
522,American Teacher,,9/30/11,First Run Features,Not Rated,Documentary,"$33,144 ",4180,"$32,980 "
523,Meet Monica Velour,,4/8/11,Anchor Bay Entertainment,Not Rated,Comedy,"$33,042 ",4167,"$32,878 "
524,Film Socialisme,,6/3/11,Lorber Films,Not Rated,Drama,"$32,977 ",4159,"$32,815 "
525,The Time That Remains,,1/7/11,IFC Films,Not Rated,Drama,"$32,869 ",4145,"$32,704 "
526,Octubre,,5/6/11,New Yorker,Not Rated,Comedy,"$32,127 ",4051,"$31,962 "
527,"HEY, BOO: Harper Lee and To Kill a Mockingbird",,5/13/11,First Run Features,Not Rated,Documentary,"$31,135 ",3926,"$30,976 "
528,Small Town Murder Songs,,5/27/11,Monterey Media,R,Thriller/Suspense,"$31,133 ",3926,"$30,976 "
529,White Irish Drinkers,,3/25/11,IFC Films,R,Drama,"$31,056 ",3916,"$30,897 "
530,The Son of No One,,11/4/11,Anchor Bay Entertainment,R,Drama,"$30,680 ",3869,"$30,526 "
531,Autoreiji,,12/2/11,Magnolia Pictures,R,Drama,"$30,440 ",3839,"$30,290 "
532,Muran,,9/30/11,UTV Communications,Not Rated,Other,"$30,116 ",3798,"$29,966 "
533,Cat Run,,4/1/11,Paladin,Not Rated,Comedy,"$30,100 ",3796,"$29,950 "
534,Cracks,,3/18/11,IFC Films,R,Drama,"$29,683 ",3743,"$29,532 "
535,Redemption Road,,8/26/11,Freestyle Releasing,Not Rated,Drama,"$29,384 ",3705,"$29,232 "
536,Topp Twins Untouchable Girls,,5/13/11,Argot Pictures,Not Rated,Documentary,"$29,200 ",3682,"$29,051 "
537,Chasing Madoff,,8/26/11,Cohen Media Group,Not Rated,Documentary,"$28,850 ",3638,"$28,704 "
538,La belle endormie,,7/8/11,Strand,Not Rated,Drama,"$28,791 ",3631,"$28,649 "
539,Salvation Boulevard,,7/15/11,IFC Films,R,Comedy,"$28,004 ",3531,"$27,860 "
540,"Marti, dupa craciun",,5/25/11,Lorber Films,Not Rated,Drama,"$27,813 ",3507,"$27,670 "
541,Khodorkovsky,,11/30/11,Kino Lorber,Not Rated,Documentary,"$27,718 ",3495,"$27,576 "
542,Animal Kingdom,,8/13/10,Sony Pictures Classics,R,Drama,"$27,622 ",3483,"$27,481 "
543,Autobiografia lui Nicolae Ceausescu,,9/9/11,The Film Desk,Not Rated,Documentary,"$27,556 ",3475,"$27,418 "
544,Bay Rong,,3/11/11,Variance Films,R,Action/Adventure,"$27,052 ",3411,"$26,913 "
545,Enemies of the People,,7/30/10,International Film Circuit,Not Rated,Documentary,"$26,708 ",3368,"$26,574 "
546,Caesar & Otto's Summer Camp Massacre,,9/16/11,Nocturnal Features,Not Rated,Comedy,"$25,844 ",3259,"$25,714 "
547,Howl,,9/24/10,Oscilloscope Pictures,R,Drama,"$25,522 ",3218,"$25,390 "
548,Waiting for Forever,,2/4/11,Freestyle Releasing,PG-13,Comedy,"$25,517 ",3218,"$25,390 "
549,The Other Woman,,2/4/11,IFC Films,R,Comedy,"$25,423 ",3206,"$25,295 "
550,Cost of a Soul,,5/20/11,Relativity,R,Drama,"$25,365 ",3199,"$25,240 "
551,Bonnie & Clyde vs. Dracula,,3/11/11,Indican Pictures,Not Rated,Action/Adventure,"$25,027 ",3156,"$24,901 "
552,Paul Goodman Changed My Life,,10/19/11,Zeitgeist,Not Rated,Documentary,"$25,020 ",3155,"$24,893 "
553,Harvest,,5/6/11,Monterey Media,R,Drama,"$24,657 ",3109,"$24,530 "
554,Immigration Tango,,2/18/11,Roadside Attractions,R,Comedy,"$24,554 ",3096,"$24,427 "
555,After,,9/9/11,,R,Drama,"$24,545 ",3095,"$24,420 "
556,Vincent will Meer,,6/24/11,Corinth Films,Not Rated,Drama,"$24,377 ",3074,"$24,254 "
557,Shut Up Little Man! An Audio Misadventure,,8/26/11,TriBeca Films,Not Rated,Documentary,"$23,901 ",3014,"$23,780 "
558,Jane's Journey,,9/16/11,First Run Features,Not Rated,Documentary,"$23,746 ",2994,"$23,623 "
559,Nine Nation Animation,,9/29/10,The World According to Shorts,Not Rated,Other,"$22,731 ",2866,"$22,613 "
560,Vanishing on Seventh Street,,2/18/11,Magnet Pictures,R,Thriller/Suspense,"$22,729 ",2866,"$22,613 "
561,Black Death,,3/11/11,Magnet Pictures,R,Horror,"$22,554 ",2844,"$22,439 "
562,Ceremony,,4/8/11,Magnolia Pictures,R,Comedy,"$22,270 ",2808,"$22,155 "
563,Bheja Fry 2,,6/17/11,,Not Rated,Comedy,"$22,266 ",2808,"$22,155 "
564,Garbo: El espía,,11/18/11,First Run Features,Not Rated,Documentary,"$22,233 ",2804,"$22,124 "
565,All's Faire in Love,,10/28/11,Hannover House,PG,Comedy,"$22,180 ",2797,"$22,068 "
566,Answers to Nothing,,12/2/11,Roadside Attractions,R,Drama,"$22,049 ",2780,"$21,934 "
567,Incendiary: The Willingham Case,,9/23/11,Truly Indie,Not Rated,Documentary,"$21,882 ",2759,"$21,769 "
568,The Arbor,,4/29/11,Strand,Not Rated,Documentary,"$21,610 ",2725,"$21,500 "
569,Monogamy,,3/11/11,Oscilloscope Pictures,Not Rated,Drama,"$21,527 ",2715,"$21,421 "
570,Night Catches Us,,12/3/10,Magnolia Pictures,R,Drama,"$21,271 ",2682,"$21,161 "
571,Rare Exports: A Christmas Tale,,12/3/10,Oscilloscope Pictures,R,Comedy,"$20,917 ",2638,"$20,814 "
572,Cameraman: The Life and Work of Jack Cardiff,,5/13/11,Strand,Not Rated,Documentary,"$20,840 ",2628,"$20,735 "
573,Griff the Invisible,,8/19/11,Indomina Releasing,PG-13,Comedy,"$20,778 ",2620,"$20,672 "
574,Bereavement,,3/4/11,,R,Horror,"$20,744 ",2616,"$20,640 "
575,Resurrect Dead: The Mystery of the Toynbee Tiles,,9/2/11,Argot Pictures,Not Rated,Documentary,"$20,726 ",2614,"$20,624 "
576,Genesis Code,,2/18/11,,PG,Drama,"$20,300 ",2560,"$20,198 "
577,Brotherhood,,2/18/11,Phase 4 Films,R,Thriller/Suspense,"$19,722 ",2487,"$19,622 "
578,Die Fremde,,1/28/11,Olive Films,Not Rated,Drama,"$19,631 ",2476,"$19,536 "
579,Skateland,,5/13/11,Freestyle Releasing,PG-13,Drama,"$19,412 ",2448,"$19,315 "
580,L'apollonide - souvenirs de la maison close,,11/25/11,IFC Films,Not Rated,Drama,"$19,327 ",2437,"$19,228 "
581,The Next Three Days,,11/19/10,Lionsgate,PG-13,Thriller/Suspense,"$19,303 ",2434,"$19,204 "
582,Client 9: The Rise and Fall of Eliot Spitzer,,11/5/10,Magnolia Pictures,R,Documentary,"$18,587 ",2344,"$18,494 "
583,You Will Meet a Tall Dark Stranger,,9/22/10,Sony Pictures Classics,R,Drama,"$18,230 ",2299,"$18,139 "
584,L'instinct de mort,,8/27/10,Music Box Films,R,Drama,"$18,218 ",2297,"$18,123 "
585,Battle for Brooklyn,,6/17/11,Rooftop Films,Not Rated,Documentary,"$17,981 ",2267,"$17,887 "
586,5 Days of War,,8/19/11,Anchor Bay Entertainment,R,Drama,"$17,479 ",2204,"$17,390 "
587,Littlerock,,8/12/11,Variance Films,Not Rated,Drama,"$17,309 ",2183,"$17,224 "
588,InSight,,9/2/11,Check Entertainment Distribution,R,Thriller/Suspense,"$17,107 ",2157,"$17,019 "
589,Feed the Fish,,4/23/10,Strand,Not Rated,Comedy,"$17,085 ",2154,"$16,995 "
590,Mia et le Migou,,3/25/11,GKIDS,PG,Action/Adventure,"$16,975 ",2141,"$16,892 "
591,Trespass,,10/14/11,Millenium Films,R,Thriller/Suspense,"$16,816 ",2121,"$16,735 "
592,The Little Traitor,,10/16/09,Westchester Films,Not Rated,Drama,"$16,284 ",2053,"$16,198 "
593,The Last Ride,,10/21/11,,PG-13,Drama,"$16,270 ",2052,"$16,190 "
594,Tyrannosaur,,11/18/11,Strand,Not Rated,Drama,"$15,735 ",1984,"$15,654 "
595,Dumbstruck,,4/15/11,Truly Indie,PG,Documentary,"$15,378 ",1939,"$15,299 "
596,The Tenant,,4/15/11,Indican Pictures,Not Rated,Thriller/Suspense,"$15,003 ",1892,"$14,928 "
597,Ong Bak 3,,1/14/11,Magnet Pictures,R,Action/Adventure,"$14,890 ",1878,"$14,817 "
598,Strange Powers: Stephin Merritt and the Magnetic Fields,,10/29/10,Variance Films,Not Rated,Documentary,"$14,567 ",1837,"$14,494 "
599,Armadillo,,4/15/11,Lorber Films,Not Rated,Documentary,"$14,566 ",1837,"$14,494 "
600,The Chaperone,,2/18/11,Samuel Goldwyn Films,PG-13,Comedy,"$14,400 ",1816,"$14,328 "
601,Peep World,,3/25/11,IFC Films,R,Comedy,"$14,351 ",1810,"$14,281 "
602,Guy and Madeline on a Park Bench,,11/5/10,Variance Films,Not Rated,Other,"$14,284 ",1801,"$14,210 "
603,Sahib Biwi Aur Gangster,,9/30/11,UTV Communications,Not Rated,Other,"$14,231 ",1795,"$14,163 "
604,OKA!,,10/14/11,Dada Films,Not Rated,Action/Adventure,"$14,083 ",1776,"$14,013 "
605,Sympathy for Delicious,,4/29/11,Maya Releasing,R,Comedy,"$13,826 ",1744,"$13,760 "
606,William S. Burroughs: A Man Within,,11/19/10,Oscilloscope Pictures,Not Rated,Documentary,"$13,772 ",1737,"$13,705 "
607,Benda Bilili!,,9/30/11,National Geographic Entertainment,PG-13,Documentary,"$13,420 ",1692,"$13,350 "
608,Beautiful Darling,,4/22/11,Corinth Films,Not Rated,Documentary,"$13,400 ",1690,"$13,334 "
609,Charlotte Rampling: The Look,,11/4/11,Kino Lorber,Not Rated,Documentary,"$13,171 ",1661,"$13,105 "
610,L'ennemi public n°1,,9/3/10,Music Box Films,R,Drama,"$13,134 ",1656,"$13,066 "
611,Under the Boardwalk: The MONOPOLY Story,,3/4/11,Self Distributed,G,Documentary,"$13,080 ",1649,"$13,011 "
612,The Town,,9/17/10,Warner Bros.,R,Drama,"$13,027 ",1643,"$12,963 "
613,Bloodworth,,5/20/11,Samuel Goldwyn Films,R,Drama,"$12,971 ",1636,"$12,908 "
614,I'm Not Jesus Mommy,,5/6/11,FilmDemic,R,Thriller/Suspense,"$12,620 ",1591,"$12,553 "
615,Año Bisiesto,,6/24/11,Strand,Not Rated,Drama,"$12,561 ",1584,"$12,498 "
616,Nenette,,12/22/10,Kino International,Not Rated,Documentary,"$12,559 ",1584,"$12,498 "
617,America the Beautiful II: The Thin Commandments,,10/12/11,,Not Rated,Documentary,"$12,366 ",1559,"$12,301 "
618,Rebirth,,8/31/11,Oscilloscope Pictures,Not Rated,Documentary,"$12,358 ",1558,"$12,293 "
619,Back Door Channels: The Price of Peace,,9/16/11,Fisher Klingenstein Films,Not Rated,Documentary,"$12,139 ",1531,"$12,080 "
620,"Eu cand vreau sa fluier, fluier",,1/5/11,Film Movement,Not Rated,Drama,"$12,135 ",1530,"$12,072 "
621,Elektra Luxx,,3/11/11,Samuel Goldwyn Films,R,Comedy,"$11,514 ",1452,"$11,456 "
622,Partir,,10/1/10,IFC Films,Not Rated,Drama,"$10,977 ",1384,"$10,920 "
623,Sarah Palin: You Betcha!,,9/30/11,Freestyle Releasing,Not Rated,Documentary,"$10,935 ",1379,"$10,880 "
624,Matrimonio all'italiana,,9/23/11,Kino Classics,Not Rated,Comedy,"$10,600 ",1337,"$10,549 "
625,The Cremaster Cycle,,4/9/10,International Film Circuit,Not Rated,Drama,"$10,573 ",1333,"$10,517 "
626,London Boulevard,,11/11/11,IFC Films,R,Drama,"$10,484 ",1322,"$10,431 "
627,Zero Bridge,,2/16/11,The Film Desk,Not Rated,Drama,"$10,357 ",1306,"$10,304 "
628,A Bird of the Air,,9/23/11,Paladin,PG-13,Comedy,"$10,152 ",1280,"$10,099 "
629,Carlos,,10/15/10,IFC Films,Not Rated,Drama,"$10,000 ",1261,"$9,949 "
630,Un homme qui crie,,4/13/11,Film Movement,Not Rated,Drama,"$9,862 ",1244,"$9,815 "
631,Cook County,,12/16/11,Hannover House,Not Rated,Drama,"$9,727 ",1227,"$9,681 "
632,Die Frau mit den 5 Elefanten,,7/20/11,Cinema Guild,Not Rated,Documentary,"$9,256 ",1167,"$9,208 "
633,Vito Bonafacci,,5/6/11,CAVU Releasing,Not Rated,Drama,"$9,217 ",1162,"$9,168 "
634,The Ledge,,7/8/11,IFC Films,R,Drama,"$9,216 ",1162,"$9,168 "
635,Another Happy Day,,11/18/11,Phase 4 Films,R,Drama,"$9,120 ",1150,"$9,074 "
636,Shanghai Red,,1/1/10,Indican Pictures,Not Rated,Thriller/Suspense,"$8,904 ",1123,"$8,860 "
637,Sans queue ni tete,,8/26/11,First Run Features,Not Rated,Drama,"$8,856 ",1117,"$8,813 "
638,Kak ya provyol etim letom,,2/4/11,Film Movement,Not Rated,Drama,"$8,733 ",1101,"$8,687 "
639,Je suis heureux que ma mere soit vivante,,9/2/11,Strand,Not Rated,Drama,"$8,705 ",1098,"$8,663 "
640,Korkoro,,3/25/11,Lorber Films,Not Rated,Drama,"$8,242 ",1039,"$8,198 "
641,Wrecked,,4/1/11,IFC Films,R,Thriller/Suspense,"$8,020 ",1011,"$7,977 "
642,The Heir Apparent: Largo Winch,,11/18/11,Music Box Films,Not Rated,Action/Adventure,"$8,019 ",1011,"$7,977 "
643,Rid of Me,,11/18/11,Phase 4 Films,Not Rated,Comedy,"$8,015 ",1011,"$7,977 "
644,Certifiably Jonathan,,2/11/11,,Not Rated,Comedy,"$7,826 ",987,"$7,787 "
645,The Ward,,7/8/11,Cinedigm,R,Horror,"$7,760 ",979,"$7,724 "
646,Inception,,7/16/10,Warner Bros.,PG-13,Thriller/Suspense,"$7,344 ",926,"$7,306 "
647,Good Neighbors,,7/29/11,Magnolia Pictures,R,Thriller/Suspense,"$7,072 ",892,"$7,038 "
648,Boxing Gym,,10/22/10,Zipporah,Not Rated,Documentary,"$6,898 ",870,"$6,864 "
649,Ma part du gateau,,12/9/11,IFC Films,Not Rated,Drama,"$6,850 ",864,"$6,817 "
650,Janie Jones,,10/28/11,TriBeca Films,Not Rated,Comedy,"$6,840 ",863,"$6,809 "
651,The Trouble with Terkel,,10/15/10,Indican Pictures,Not Rated,Action/Adventure,"$6,584 ",830,"$6,549 "
652,Addiction Incorporated,,12/14/11,Variance Films,PG-13,Documentary,"$6,442 ",812,"$6,407 "
653,That's What I Am,,4/29/11,Samuel Goldwyn Films,PG,Drama,"$6,400 ",807,"$6,367 "
654,I Melt with You,,12/9/11,Magnolia Pictures,R,Drama,"$6,361 ",802,"$6,328 "
655,Chillar Party,,7/8/11,UTV Communications,Not Rated,Comedy,"$6,330 ",798,"$6,296 "
656,Florent: Queen of the Meat Market,,5/20/11,Self Distributed,Not Rated,Documentary,"$6,282 ",792,"$6,249 "
657,The Family Tree,,8/26/11,Entertainment One,R,Comedy,"$6,035 ",761,"$6,004 "
658,Saint Misbehavin': The Wavy Gravy Movie,,12/3/10,Argot Pictures,Not Rated,Documentary,"$6,007 ",757,"$5,973 "
659,Miss Minoes,,12/23/11,Music Box Films,PG,Action/Adventure,"$5,947 ",750,"$5,918 "
660,Alamar,,7/14/10,Film Movement,Not Rated,Drama,"$5,905 ",745,"$5,878 "
661,The Imperialists Are Still Alive!,,4/15/11,IFC Films,Not Rated,Drama,"$5,874 ",741,"$5,846 "
662,Rabia,,1/28/11,Strand,Not Rated,Thriller/Suspense,"$5,594 ",705,"$5,562 "
663,Elevate,,10/21/11,Variance Films,PG,Documentary,"$5,580 ",704,"$5,555 "
664,Aurora,,6/29/11,Cinema Guild,Not Rated,Drama,"$5,558 ",701,"$5,531 "
665,Schastye moe,,9/30/11,Kino Lorber,Not Rated,Drama,"$5,457 ",688,"$5,428 "
666,Sons of Perdition,,2/18/11,,R,Documentary,"$5,401 ",681,"$5,373 "
667,Genius Within: The Inner Life of Glenn Gould,,9/10/10,Lorber Films,Not Rated,Documentary,"$5,386 ",679,"$5,357 "
668,The Worst Movie EVER!,,8/19/11,Hiltz Squared,Not Rated,Comedy,"$5,303 ",669,"$5,278 "
669,Tanner Hall,,9/9/11,Anchor Bay Entertainment,R,Drama,"$5,073 ",640,"$5,050 "
670,Flypaper,,8/19/11,IFC Films,Not Rated,Comedy,"$5,043 ",636,"$5,018 "
671,Cosa Voglio Di Piu,,12/3/10,Film Movement,Not Rated,Drama,"$5,037 ",635,"$5,010 "
672,Grease,,6/16/78,Paramount Pictures,PG,Other,"$4,907 ",619,"$4,884 "
673,Burke & Hare,,9/9/11,IFC Films,R,Comedy,"$4,833 ",609,"$4,805 "
674,"Scheherazade, Tell Me a Story",,2/25/11,ArtMattan Productions,Not Rated,Drama,"$4,726 ",596,"$4,702 "
675,Shoah,,12/10/10,IFC Films,Not Rated,Documentary,"$4,533 ",572,"$4,513 "
676,The Catechism Cataclysm,,10/19/11,IFC Midnight,Not Rated,Comedy,"$4,373 ",551,"$4,347 "
677,Fancypants,,9/30/11,Humble Pie Films,PG-13,Comedy,"$4,227 ",533,"$4,205 "
678,Daylight,,7/15/11,Cinema Purgatorio,Not Rated,Thriller/Suspense,"$4,171 ",526,"$4,150 "
679,Kyatapira,,5/6/11,Lorber Films,Not Rated,Drama,"$4,157 ",524,"$4,134 "
680,To Die Like a Man,,4/8/11,Strand,Not Rated,Other,"$4,029 ",508,"$4,008 "
681,Building Hope,,6/3/11,The Nobility Project,Not Rated,Documentary,"$4,000 ",504,"$3,977 "
682,Ranchero,,7/15/11,Indican Pictures,Not Rated,Drama,"$3,826 ",482,"$3,803 "
683,Zenith,,10/1/10,Cinema Purgatorio,Not Rated,Thriller/Suspense,"$3,801 ",479,"$3,779 "
684,The Harvest/La Cosecha,,7/29/11,Cinema Libre,Not Rated,Documentary,"$3,709 ",468,"$3,693 "
685,Passion Play,,5/6/11,Image Entertainment,R,Drama,"$3,669 ",463,"$3,653 "
686,Raymond Did It,,2/11/11,Plastic Age Productions,Not Rated,Horror,"$3,632 ",458,"$3,614 "
687,Loosies,,12/14/11,IFC Films,PG-13,Comedy,"$3,519 ",444,"$3,503 "
688,The Sons of Tennessee Williams,,10/7/11,First Run Features,Not Rated,Documentary,"$3,242 ",409,"$3,227 "
689,The Swell Season,,10/7/11,Mongrel Media,Not Rated,Documentary,"$3,178 ",401,"$3,164 "
690,Plastic Planet,,1/14/11,First Run Features,Not Rated,Documentary,"$3,164 ",399,"$3,148 "
691,Balls to the Wall,,10/21/11,Midwest Movies,R,Comedy,"$3,140 ",396,"$3,124 "
692,The Weird World of Blowfly,,9/16/11,Variance Films,Not Rated,Documentary,"$3,062 ",386,"$3,046 "
693,Corman's World: Exploits of a Hollywood Rebel,,12/16/11,Anchor Bay Entertainment,R,Documentary,"$3,050 ",385,"$3,038 "
694,Protektor,,8/5/11,Film Movement,Not Rated,Documentary,"$2,968 ",374,"$2,951 "
695,Prince of the Himalayas,,12/23/11,Kino Lorber,Not Rated,Drama,"$2,883 ",364,"$2,872 "
696,Red Hill,,11/5/10,Sony Pictures,R,Thriller/Suspense,"$2,863 ",361,"$2,848 "
697,Zokkomon,,4/22/11,Walt Disney Pictures,PG,Action/Adventure,"$2,815 ",355,"$2,801 "
698,Blood Ties,,2/11/11,Afterlight Pictures,Not Rated,Action/Adventure,"$2,761 ",348,"$2,746 "
699,Raw Faith,,5/28/10,Alive Mind,Not Rated,Documentary,"$2,711 ",342,"$2,698 "
700,Forks Over Knives,,5/6/11,Monica Beach Media,PG,Documentary,"$2,700 ",340,"$2,683 "
701,Restitution,,10/21/11,Monterey Media,R,Thriller/Suspense,"$2,664 ",336,"$2,651 "
702,Jitsuroku rengo sekigun: Asama sanso e no michi,,5/27/11,Lorber Films,Not Rated,Drama,"$2,659 ",335,"$2,643 "
703,Det rode kapel,,12/29/10,Lorber Films,Not Rated,Documentary,"$2,657 ",335,"$2,643 "
704,Brutal Beauty: Tales of the Rose City Rollers,,1/8/10,Cinema Purgatorio,Not Rated,Documentary,"$2,647 ",334,"$2,635 "
705,Knuckle,,12/9/11,ARC Entertainment,R,Documentary,"$2,647 ",334,"$2,635 "
706,Main Street,,9/9/11,Magnolia Pictures,PG,Drama,"$2,560 ",323,"$2,548 "
707,Flickan som lekte med elden,,12/25/09,Music Box Films,R,Thriller/Suspense,"$2,547 ",321,"$2,533 "
708,About Fifty,,11/11/11,,R,Other,"$2,500 ",315,"$2,485 "
709,Medianeras,,10/26/11,IFC Films,Not Rated,Drama,"$2,377 ",300,"$2,367 "
710,Fading of the Cries,,7/8/11,Eammon Films,R,Other,"$2,300 ",290,"$2,288 "
711,The Taqwacores,,10/22/10,Strand,Not Rated,Drama,"$2,098 ",265,"$2,091 "
712,Män som hatar kvinnor,,3/19/10,Music Box Films,R,Thriller/Suspense,"$2,075 ",262,"$2,067 "
713,To Die is Hard,,12/17/10,Driving With Our Eyes Shut,Not Rated,Comedy,"$1,938 ",244,"$1,925 "
714,American Grindhouse,,6/18/10,Lorber Films,Not Rated,Documentary,"$1,931 ",244,"$1,925 "
715,"Love, Wedding, Marriage",,6/3/11,IFC Films,PG-13,Comedy,"$1,926 ",243,"$1,917 "
716,36 vues du Pic Saint Loup,,7/9/10,Cinema Guild,Not Rated,Comedy,"$1,839 ",232,"$1,830 "
717,Now & Later,,2/18/11,Cinema Libre,Not Rated,Drama,"$1,808 ",228,"$1,799 "
718,Chalet Girl,,10/14/11,IFC Films,Not Rated,Comedy,"$1,710 ",216,"$1,704 "
719,They're Out of Business,,4/8/11,IFC Films,Not Rated,Comedy,"$1,655 ",209,"$1,649 "
720,Violet Tendencies,,11/5/10,Embrem Entertainment,Not Rated,Comedy,"$1,442 ",182,"$1,436 "
721,La Pivellina,,9/1/11,First Run Features,Not Rated,Drama,"$1,350 ",170,"$1,341 "
722,An Invisible Sign,,5/6/11,IFC Films,PG-13,Drama,"$1,279 ",161,"$1,270 "
723,Henri-Georges Clouzot's Inferno,,7/16/10,,Not Rated,Documentary,"$1,161 ",146,"$1,152 "
724,Illegal,,3/25/11,Film Movement,Not Rated,Drama,$651 ,82,$647 
725,Rosencrantz and Guildenstein are Undead,,6/4/10,Indican Pictures,Not Rated,Comedy,$444 ,56,$442 
726,Angels Crest,,12/30/11,Magnolia Pictures,R,Drama,$407 ,51,$402 
727,Hadewijch,,12/24/10,IFC Films,Not Rated,Drama,$403 ,51,$402 
728,Picture Me: A Model's Diary,,9/17/10,,Not Rated,Documentary,$160 ,20,$158 